{
	"$schema": "https://schema.management.azure.com/schemas/2015-01-01/deploymentTemplate.json#",
	"contentVersion": "1.0.0.0",
	"parameters": {
		"newStorageAccountName": {
			"type": "string",
			"metadata": {
				"description": "Storage Account Name"
			}
		},
		"storageAccountType": {
			"type": "string",
			"defaultValue": "Standard_LRS",
			"metadata": {
				"description": "Type of the Storage Account"
			}
		},
		"vmName": {
			"type": "string",
			"metadata": {
				"description": "Name of the VM"
			}
		},
		"vmSize": {
			"type": "string",
			"defaultValue": "Standard_A2",
			"metadata": {
				"description": "Size of the VM"
			}
		},
		"imageSKU": {
			"type": "string",
			"defaultValue": "2012-R2-Datacenter",
			"allowedValues": ["2008-R2-SP1",
			"2012-Datacenter",
			"2012-R2-Datacenter"],
			"metadata": {
				"description": "Image SKU"
			}
		},
		"adminUsername": {
			"type": "string",
			"metadata": {
				"description": "Admin username"
			}
		},
		"adminPassword": {
			"type": "securestring",
			"metadata": {
				"description": "Admin password"
			}
		},
		"modulesUrl": {
			"type": "string",
			"metadata": {
				"description": "URL for the DSC configuration module. NOTE: Can be a Github url(raw) to the zip file"
			}
		},
		"configurationFunction": {
			"type": "string",
			"defaultValue": "ContosoWebsite.ps1\\ContosoWebsite",
			"metadata": {
				"description": "DSC configuration function to call"
			}
		},
		"safemodeuser": {
			"type": "string"
		},
		"domainuser": {
			"type": "string"
		},
		"safemodePassword": {
			"type": "securestring"
		},
		"dommainPassword": {
			"type": "securestring"
		}
	},
	"variables": {
		"virtualNetworkName": "dscVNET",
		"vnetID": "[resourceId('Microsoft.Network/virtualNetworks', variables('virtualNetworkName'))]",
		"vnetAddressPrefix": "10.0.0.0/16",
		"subnet1Name": "dscSubnet-1",
		"subnet1Prefix": "10.0.0.0/24",
		"subnet1Ref": "[concat(variables('vnetID'),'/subnets/', variables('subnet1Name'))]",
		"publicIPAddressType": "Dynamic",
		"publicIPAddressName": "dscPubIP",
		"nicName": "dscNIC",
		"imagePublisher": "MicrosoftWindowsServer",
		"imageOffer": "WindowsServer",
		"vmExtensionName": "dscExtension"
	},
	"resources": [{
		"type": "Microsoft.Storage/storageAccounts",
		"name": "[parameters('newStorageAccountName')]",
		"apiVersion": "2015-05-01-preview",
		"location": "[resourceGroup().location]",
		"properties": {
			"accountType": "[parameters('storageAccountType')]"
		}
	},
	{
		"apiVersion": "2015-05-01-preview",
		"type": "Microsoft.Network/publicIPAddresses",
		"name": "[variables('publicIPAddressName')]",
		"location": "[resourceGroup().location]",
		"properties": {
			"publicIPAllocationMethod": "[variables('publicIPAddressType')]"
		}
	},
	{
		"apiVersion": "2015-05-01-preview",
		"type": "Microsoft.Network/virtualNetworks",
		"name": "[variables('virtualNetworkName')]",
		"location": "[resourceGroup().location]",
		"properties": {
			"addressSpace": {
				"addressPrefixes": ["[variables('vnetAddressPrefix')]"]
			},
			"subnets": [{
				"name": "[variables('subnet1Name')]",
				"properties": {
					"addressPrefix": "[variables('subnet1Prefix')]"
				}
			}]
		}
	},
	{
		"apiVersion": "2015-05-01-preview",
		"type": "Microsoft.Network/networkInterfaces",
		"name": "[variables('nicName')]",
		"location": "[resourceGroup().location]",
		"dependsOn": ["[concat('Microsoft.Network/publicIPAddresses/', variables('publicIPAddressName'))]",
		"[concat('Microsoft.Network/virtualNetworks/', variables('virtualNetworkName'))]"],
		"properties": {
			"ipConfigurations": [{
				"name": "ipconfig1",
				"properties": {
					"privateIPAllocationMethod": "Dynamic",
					"publicIPAddress": {
						"id": "[resourceId('Microsoft.Network/publicIPAddresses', variables('publicIPAddressName'))]"
					},
					"subnet": {
						"id": "[variables('subnet1Ref')]"
					}
				}
			}]
		}
	},
	{
		"apiVersion": "2015-05-01-preview",
		"type": "Microsoft.Compute/virtualMachines",
		"name": "[parameters('vmName')]",
		"location": "[resourceGroup().location]",
		"dependsOn": ["[concat('Microsoft.Storage/storageAccounts/', parameters('newStorageAccountName'))]",
		"[concat('Microsoft.Network/networkInterfaces/', variables('nicName'))]"],
		"properties": {
			"hardwareProfile": {
				"vmSize": "[parameters('vmSize')]"
			},
			"osProfile": {
				"computerName": "[parameters('vmName')]",
				"adminUsername": "[parameters('adminUsername')]",
				"adminPassword": "[parameters('adminPassword')]"
			},
			"storageProfile": {
				"imageReference": {
					"publisher": "[variables('imagePublisher')]",
					"offer": "[variables('imageOffer')]",
					"sku": "[parameters('imageSKU')]",
					"version": "latest"
				},
				"osDisk": {
					"name": "osdisk",
					"vhd": {
						"uri": "[concat('http://',parameters('newStorageAccountName'),'.blob.core.windows.net/vhds/','osdisk.vhd')]"
					},
					"caching": "ReadWrite",
					"createOption": "FromImage"
				}
			},
			"networkProfile": {
				"networkInterfaces": [{
					"id": "[resourceId('Microsoft.Network/networkInterfaces', variables('nicName'))]"
				}]
			}
		}
	},
	{
		"type": "Microsoft.Compute/virtualMachines/extensions",
		"name": "[concat(parameters('vmName'),'/', variables('vmExtensionName'))]",
		"apiVersion": "2015-05-01-preview",
		"location": "[resourceGroup().location]",
		"dependsOn": ["[concat('Microsoft.Compute/virtualMachines/', parameters('vmName'))]"],
		"properties": {
			"publisher": "Microsoft.Powershell",
			"type": "DSC",
			"typeHandlerVersion": "2.19",
			"autoUpgradeMinorVersion": true,
			"settings": {
				"ModulesUrl": "[parameters('modulesUrl')]",
				"ConfigurationFunction": "[parameters('configurationFunction')]",
				"Properties": {
					"MachineName": "[parameters('vmName')]",
					"safemodeAdministratorCred": {
						"userName": "[parameters('safemodeuser')]",
						"password": "PrivateSettingsRef:safemodePassword"
					},
					"domainCred": {
						"userName": "[parameters('domainuser')]",
						"password": "PrivateSettingsRef:dommainPassword"
					}

				}
			},
			"protectedSettings": {
				"items": {
					"safemodePassword": "[parameters('safemodePassword')]",
					"dommainPassword": "[parameters('dommainPassword')]",
					
				}
				"DataBlobUri": "https://UrlToConfigurationDataWithOptionalSasToken.psd1"
			}
		}
	}]
}