{
	"$schema": "http://schema.management.azure.com/schemas/2015-01-01/deploymentParameters.json#",
	"contentVersion": "1.0.0.0",
	"parameters": {
		"newStorageAccountName": {
			"value": "febackup523"
		},
		"vmName": {
			"value": "sv4"
		},
		"vmSize": {
			"value": "Standard_A2"
		},
		"imageSKU": {
			"value": "2012-R2-Datacenter"
		},
		"adminUsername": {
			"value": "feadmin"
		},
		"adminPassword": {
			"value": "Qweasdzxc123"
		},
		"modulesUrl": {
			"value": "https://raw.githubusercontent.com/foxxhot/Azure/master/domain1.ps1.zip"			
		},
		"configurationFunction": {
			"value": "domain1.ps1\\domain1"
		},
		"safemodeuser": {
			"value": "feadmin"
		},
		"domainuser": {
			"value": "feadmin"
		},
		"safemodePassword": {
			"value": "Qweasdzxc123"
		},
		"dommainPassword": {
			"value": "Qweasdzxc123"
		}
	}
}